{
  "request": {
    "connect": "sshConnectReq",
    "sendCommand": "sshSendCommand",
    "download": "sshDownloadReq",
    "upload": "sshUploadReq",
    "getOSInfo": "sshGetOSInfoReq",
    "collectFingerprint": "sshCollectFingerprint",
    "getInteractiveShell": "sshGetInteractiveShell",
    "sendInteractiveShellCommand": "sshSendtInteractiveShell",
    "closeInteractiveShell":  "sshCloseInteractiveShell"

  },
    "response": {
        "connect": {
            "success": "sshConnectSuccess",
            "fail": "sshConnectFail"
        },
        "sendCommand": {
            "success": "sendCommandSuccess",
            "fail": "sendCommandFail"
        },
        "download": {
            "success": "downloadSuccess",
            "fail": "downloadFail"
        },
        "upload": {
            "success": "uploadSuccess",
            "fail": "uploadFail"
        },
        "getOSInfo": {
            "success": "getOSInfoSuccess",
            "fail": "getOSInfoFail"
        },
        "collectFingerprint": {
            "success": "sshCollectFingerprintSuccess",
            "fail": "sshCollectFingerprintFail"
        }
    }
}